{
    "root_group": {
        "checks": {
            "status is successful 2xx": {
                "path": "::status is successful 2xx",
                "id": "968a7a822293cd3c52533638eb2856d0",
                "passes": 5,
                "fails": 0,
                "name": "status is successful 2xx"
            },
            "order is completed": {
                "passes": 5,
                "fails": 0,
                "name": "order is completed",
                "path": "::order is completed",
                "id": "aeba5f156f13ec31d6f7904875a807f8"
            },
            "response has order id": {
                "name": "response has order id",
                "path": "::response has order id",
                "id": "456bc43a6baff7439665a1b4724d37c3",
                "passes": 5,
                "fails": 0
            }
        },
        "name": "",
        "path": "",
        "id": "d41d8cd98f00b204e9800998ecf8427e",
        "groups": {}
    },
    "metrics": {
        "http_req_sending": {
            "avg": 0,
            "min": 0,
            "med": 0,
            "max": 0,
            "p(90)": 0,
            "p(95)": 0
        },
        "vus_max": {
            "min": 1,
            "max": 1,
            "value": 1
        },
        "http_req_duration": {
            "avg": 138.18164,
            "min": 66.5542,
            "med": 91.9609,
            "max": 321.9259,
            "p(90)": 243.37282000000002,
            "p(95)": 282.64935999999994
        },
        "http_req_waiting": {
            "avg": 137.83508,
            "min": 65.8308,
            "med": 91.4555,
            "max": 321.4219,
            "p(90)": 243.07042,
            "p(95)": 282.24616
        },
        "data_received": {
            "count": 1930,
            "rate": 338.3225508650864
        },
        "data_sent": {
            "count": 865,
            "rate": 151.63160958461125
        },
        "http_req_tls_handshaking": {
            "max": 0,
            "p(90)": 0,
            "p(95)": 0,
            "avg": 0,
            "min": 0,
            "med": 0
        },
        "http_reqs": {
            "count": 5,
            "rate": 0.8764832923965967
        },
        "http_req_connecting": {
            "max": 1.8079,
            "p(90)": 1.0847400000000003,
            "p(95)": 1.4463199999999998,
            "avg": 0.36158,
            "min": 0,
            "med": 0
        },
        "http_req_duration{expected_response:true}": {
            "p(95)": 282.64935999999994,
            "avg": 138.18164,
            "min": 66.5542,
            "med": 91.9609,
            "max": 321.9259,
            "p(90)": 243.37282000000002
        },
        "checks": {
            "passes": 15,
            "fails": 0,
            "thresholds": {
                "rate>0.99": false
            },
            "value": 1
        },
        "http_req_receiving": {
            "avg": 0.34656000000000003,
            "min": 0,
            "med": 0.504,
            "max": 0.7234,
            "p(90)": 0.6362,
            "p(95)": 0.6798
        },
        "vus": {
            "value": 1,
            "min": 1,
            "max": 1
        },
        "iteration_duration": {
            "p(95)": 1285.3402800000001,
            "avg": 1140.92306,
            "min": 1067.1122,
            "med": 1092.3198,
            "max": 1322.3584,
            "p(90)": 1248.3221600000002
        },
        "http_req_failed": {
            "passes": 0,
            "fails": 5,
            "thresholds": {
                "rate<0.01": false
            },
            "value": 0
        },
        "iterations": {
            "count": 5,
            "rate": 0.8764832923965967
        },
        "http_req_blocked": {
            "p(95)": 8.456719999999999,
            "avg": 2.11418,
            "min": 0,
            "med": 0,
            "max": 10.5709,
            "p(90)": 6.3425400000000005
        }
    }
}