{
    "metrics": {
        "http_req_connecting": {
            "avg": 0.022621060146350163,
            "min": 0,
            "med": 0,
            "max": 17.1528,
            "p(90)": 0,
            "p(95)": 0
        },
        "http_req_waiting": {
            "avg": 71.09762944850941,
            "min": 1.0169,
            "med": 30.1319,
            "max": 1733.5672,
            "p(90)": 144.9458,
            "p(95)": 311.12919999999997
        },
        "http_req_duration{expected_response:true}": {
            "p(90)": 144.9458,
            "p(95)": 311.163675,
            "avg": 71.21412852043508,
            "min": 1.0169,
            "med": 30.2652,
            "max": 1733.5672
        },
        "checks": {
            "passes": 33618,
            "fails": 0,
            "thresholds": {
                "rate>0.98": false
            },
            "value": 1
        },
        "vus_max": {
            "value": 20,
            "min": 20,
            "max": 20
        },
        "http_req_duration": {
            "avg": 71.21412852043508,
            "min": 1.0169,
            "med": 30.2652,
            "max": 1733.5672,
            "p(90)": 144.9458,
            "p(95)": 311.163675,
            "thresholds": {
                "p(95)<3000": false
            }
        },
        "http_reqs": {
            "rate": 18.651434875007713,
            "count": 11206
        },
        "http_req_receiving": {
            "med": 0,
            "max": 16.1997,
            "p(90)": 0.5067,
            "p(95)": 0.53385,
            "avg": 0.08983191147599505,
            "min": 0
        },
        "iteration_duration": {
            "p(95)": 1311.7446,
            "avg": 1072.062264331605,
            "min": 1001.4943,
            "med": 1031.30625,
            "max": 2734.1385,
            "p(90)": 1145.7504
        },
        "http_req_sending": {
            "min": 0,
            "med": 0,
            "max": 13.927,
            "p(90)": 0,
            "p(95)": 0,
            "avg": 0.02666716044975904
        },
        "data_sent": {
            "count": 1938638,
            "rate": 3226.6982333763344
        },
        "http_req_failed": {
            "passes": 0,
            "fails": 11206,
            "thresholds": {
                "rate<0.02": false
            },
            "value": 0
        },
        "http_req_blocked": {
            "avg": 0.0488323041227914,
            "min": 0,
            "med": 0,
            "max": 28.5944,
            "p(90)": 0,
            "p(95)": 0
        },
        "vus": {
            "value": 20,
            "min": 20,
            "max": 20
        },
        "data_received": {
            "rate": 7310.573538276739,
            "count": 4392278
        },
        "iterations": {
            "count": 11206,
            "rate": 18.651434875007713
        },
        "http_req_tls_handshaking": {
            "min": 0,
            "med": 0,
            "max": 0,
            "p(90)": 0,
            "p(95)": 0,
            "avg": 0
        }
    },
    "root_group": {
        "path": "",
        "id": "d41d8cd98f00b204e9800998ecf8427e",
        "groups": {},
        "checks": {
                "status is successful 2xx": {
                    "id": "968a7a822293cd3c52533638eb2856d0",
                    "passes": 11206,
                    "fails": 0,
                    "name": "status is successful 2xx",
                    "path": "::status is successful 2xx"
                },
                "order is completed": {
                    "name": "order is completed",
                    "path": "::order is completed",
                    "id": "aeba5f156f13ec31d6f7904875a807f8",
                    "passes": 11206,
                    "fails": 0
                },
                "response has order id": {
                    "name": "response has order id",
                    "path": "::response has order id",
                    "id": "456bc43a6baff7439665a1b4724d37c3",
                    "passes": 11206,
                    "fails": 0
                }
            },
        "name": ""
    }
}