{
    "root_group": {
        "path": "",
        "id": "d41d8cd98f00b204e9800998ecf8427e",
        "groups": {},
        "checks": {
                "status is successful 2xx": {
                    "name": "status is successful 2xx",
                    "path": "::status is successful 2xx",
                    "id": "968a7a822293cd3c52533638eb2856d0",
                    "passes": 8914,
                    "fails": 0
                },
                "order is completed": {
                    "passes": 8914,
                    "fails": 0,
                    "name": "order is completed",
                    "path": "::order is completed",
                    "id": "aeba5f156f13ec31d6f7904875a807f8"
                },
                "response has order id": {
                    "passes": 8914,
                    "fails": 0,
                    "name": "response has order id",
                    "path": "::response has order id",
                    "id": "456bc43a6baff7439665a1b4724d37c3"
                }
            },
        "name": ""
    },
    "metrics": {
        "data_received": {
            "rate": 11609.309931459327,
            "count": 3493505
        },
        "checks": {
            "passes": 26742,
            "fails": 0,
            "thresholds": {
                "rate>0.95": false
            },
            "value": 1
        },
        "http_req_duration{expected_response:true}": {
            "med": 48.93475,
            "max": 1782.4361,
            "p(90)": 121.71965999999999,
            "p(95)": 186.47336000000004,
            "avg": 73.46320924388598,
            "min": 8.3059
        },
        "http_req_receiving": {
            "avg": 0.2626082118016607,
            "min": 0,
            "med": 0,
            "max": 30.2673,
            "p(90)": 0.57707,
            "p(95)": 1.06507
        },
        "iterations": {
            "rate": 29.62222430740143,
            "count": 8914
        },
        "data_sent": {
            "count": 1542122,
            "rate": 5124.644805180448
        },
        "http_req_blocked": {
            "avg": 0.021930424052052942,
            "min": 0,
            "med": 0,
            "max": 17.0219,
            "p(90)": 0,
            "p(95)": 0
        },
        "http_req_connecting": {
            "avg": 0.013640026923939874,
            "min": 0,
            "med": 0,
            "max": 17.0219,
            "p(90)": 0,
            "p(95)": 0
        },
        "http_req_waiting": {
            "avg": 73.171178348665,
            "min": 8.3059,
            "med": 48.69285,
            "max": 1782.4361,
            "p(90)": 121.24365999999999,
            "p(95)": 185.57923000000005
        },
        "vus": {
            "value": 1,
            "min": 1,
            "max": 75
        },
        "http_req_sending": {
            "p(90)": 0,
            "p(95)": 0,
            "avg": 0.029422683419340345,
            "min": 0,
            "med": 0,
            "max": 18.1677
        },
        "vus_max": {
            "min": 75,
            "max": 75,
            "value": 75
        },
        "http_req_duration": {
            "avg": 73.46320924388598,
            "min": 8.3059,
            "med": 48.93475,
            "max": 1782.4361,
            "p(90)": 121.71965999999999,
            "p(95)": 186.47336000000004,
            "thresholds": {
                "p(95)<3000": false
            }
        },
        "iteration_duration": {
            "avg": 1074.417410354496,
            "min": 1015.589,
            "med": 1050.1321,
            "max": 2783.043,
            "p(90)": 1122.79727,
            "p(95)": 1187.3355050000002
        },
        "http_req_failed": {
            "passes": 0,
            "fails": 8914,
            "thresholds": {
                "rate<0.05": false
            },
            "value": 0
        },
        "http_reqs": {
            "count": 8914,
            "rate": 29.62222430740143
        },
        "http_req_tls_handshaking": {
            "avg": 0,
            "min": 0,
            "med": 0,
            "max": 0,
            "p(90)": 0,
            "p(95)": 0
        }
    }
}